<ImportExportXml version="9.2.21035.186" SolutionPackageVersion="9.2" languagecode="1033" generatedBy="CrmLive" xmlns:xsi="http://www.w3.org/2001/XMLSchema-instance">
  <SolutionManifest>
    <UniqueName>ITSM2000</UniqueName>
    <LocalizedNames>
      <LocalizedName description="ITSM 2000" languagecode="1033" />
    </LocalizedNames>
    <Descriptions />
    <Version>1.0.0.1</Version>
    <Managed>0</Managed>
    <Publisher>
      <UniqueName>contoso</UniqueName>
      <LocalizedNames>
        <LocalizedName description="Contoso" languagecode="1033" />
      </LocalizedNames>
      <Descriptions />
      <EMailAddress xsi:nil="true"></EMailAddress>
      <SupportingWebsiteUrl xsi:nil="true"></SupportingWebsiteUrl>
      <CustomizationPrefix>contoso</CustomizationPrefix>
      <CustomizationOptionValuePrefix>46327</CustomizationOptionValuePrefix>
      <Addresses>
        <Address>
          <AddressNumber>1</AddressNumber>
          <AddressTypeCode>1</AddressTypeCode>
          <City xsi:nil="true"></City>
          <County xsi:nil="true"></County>
          <Country xsi:nil="true"></Country>
          <Fax xsi:nil="true"></Fax>
          <FreightTermsCode xsi:nil="true"></FreightTermsCode>
          <ImportSequenceNumber xsi:nil="true"></ImportSequenceNumber>
          <Latitude xsi:nil="true"></Latitude>
          <Line1 xsi:nil="true"></Line1>
          <Line2 xsi:nil="true"></Line2>
          <Line3 xsi:nil="true"></Line3>
          <Longitude xsi:nil="true"></Longitude>
          <Name xsi:nil="true"></Name>
          <PostalCode xsi:nil="true"></PostalCode>
          <PostOfficeBox xsi:nil="true"></PostOfficeBox>
          <PrimaryContactName xsi:nil="true"></PrimaryContactName>
          <ShippingMethodCode>1</ShippingMethodCode>
          <StateOrProvince xsi:nil="true"></StateOrProvince>
          <Telephone1 xsi:nil="true"></Telephone1>
          <Telephone2 xsi:nil="true"></Telephone2>
          <Telephone3 xsi:nil="true"></Telephone3>
          <TimeZoneRuleVersionNumber xsi:nil="true"></TimeZoneRuleVersionNumber>
          <UPSZone xsi:nil="true"></UPSZone>
          <UTCOffset xsi:nil="true"></UTCOffset>
          <UTCConversionTimeZoneCode xsi:nil="true"></UTCConversionTimeZoneCode>
        </Address>
        <Address>
          <AddressNumber>2</AddressNumber>
          <AddressTypeCode>1</AddressTypeCode>
          <City xsi:nil="true"></City>
          <County xsi:nil="true"></County>
          <Country xsi:nil="true"></Country>
          <Fax xsi:nil="true"></Fax>
          <FreightTermsCode xsi:nil="true"></FreightTermsCode>
          <ImportSequenceNumber xsi:nil="true"></ImportSequenceNumber>
          <Latitude xsi:nil="true"></Latitude>
          <Line1 xsi:nil="true"></Line1>
          <Line2 xsi:nil="true"></Line2>
          <Line3 xsi:nil="true"></Line3>
          <Longitude xsi:nil="true"></Longitude>
          <Name xsi:nil="true"></Name>
          <PostalCode xsi:nil="true"></PostalCode>
          <PostOfficeBox xsi:nil="true"></PostOfficeBox>
          <PrimaryContactName xsi:nil="true"></PrimaryContactName>
          <ShippingMethodCode>1</ShippingMethodCode>
          <StateOrProvince xsi:nil="true"></StateOrProvince>
          <Telephone1 xsi:nil="true"></Telephone1>
          <Telephone2 xsi:nil="true"></Telephone2>
          <Telephone3 xsi:nil="true"></Telephone3>
          <TimeZoneRuleVersionNumber xsi:nil="true"></TimeZoneRuleVersionNumber>
          <UPSZone xsi:nil="true"></UPSZone>
          <UTCOffset xsi:nil="true"></UTCOffset>
          <UTCConversionTimeZoneCode xsi:nil="true"></UTCConversionTimeZoneCode>
        </Address>
      </Addresses>
    </Publisher>
    <RootComponents>
      <RootComponent type="1" schemaName="contact" behavior="0" />
      <RootComponent type="1" schemaName="contoso_catalogitem" behavior="0" />
      <RootComponent type="1" schemaName="contoso_change" behavior="0" />
      <RootComponent type="1" schemaName="contoso_outage" behavior="0" />
      <RootComponent type="1" schemaName="contoso_requestfield" behavior="0" />
      <RootComponent type="1" schemaName="contoso_servicecategory" behavior="0" />
      <RootComponent type="1" schemaName="contoso_supportteam" behavior="0" />
      <RootComponent type="9" schemaName="contoso_businessdivision" behavior="0" />
      <RootComponent type="9" schemaName="contoso_defaultpriority" behavior="0" />
      <RootComponent type="9" schemaName="contoso_itemtype" behavior="0" />
      <RootComponent type="9" schemaName="contoso_location" behavior="0" />
      <RootComponent type="9" schemaName="contoso_outagestatus" behavior="0" />
      <RootComponent type="9" schemaName="contoso_serviceclass" behavior="0" />
      <RootComponent type="9" schemaName="contoso_status" behavior="0" />
      <RootComponent type="9" schemaName="contoso_type" behavior="0" />
      <RootComponent type="29" id="{9691cae5-0399-eb11-b1ac-000d3a3b8756}" behavior="0" />
      <RootComponent type="60" id="{3df7e9ca-83a5-446b-93af-f4331c228219}" behavior="0" />
      <RootComponent type="60" id="{70ad8b15-e3f3-4d7d-9e4b-16cb4e51b484}" behavior="0" />
      <RootComponent type="60" id="{7fcf0f19-0599-eb11-b1ac-000d3a3b8756}" behavior="0" />
      <RootComponent type="60" id="{83068d2a-c691-4e2e-8877-83c8ac0e8584}" behavior="0" />
      <RootComponent type="60" id="{953f4810-378d-eb11-a812-00224809a8eb}" behavior="0" />
      <RootComponent type="60" id="{c098e297-1f50-4483-b668-aa1b2091379d}" behavior="0" />
      <RootComponent type="60" id="{cd3ba618-b123-4603-a2f1-e8f5ae141bcf}" behavior="0" />
      <RootComponent type="61" schemaName="contoso_bellicon" behavior="0" />
      <RootComponent type="61" schemaName="contoso_box" behavior="0" />
      <RootComponent type="61" schemaName="contoso_categoryicon" behavior="0" />
      <RootComponent type="61" schemaName="contoso_pencil" behavior="0" />
      <RootComponent type="61" schemaName="contoso_shapes" behavior="0" />
      <RootComponent type="62" schemaName="contoso_ITSM" behavior="0" />
      <RootComponent type="80" schemaName="contoso_ITSM" behavior="0" />
      <RootComponent type="300" schemaName="contoso_itsmuserportal_67526" behavior="0" />
      <RootComponent type="431" schemaName="contoso_catalogitem contoso_itemimage" behavior="0" />
      <RootComponent type="432" schemaName="contoso_catalogitem" behavior="0" />
    </RootComponents>
    <MissingDependencies>
      <MissingDependency>
        <Required key="0" type="1" schemaName="msemr_goal" displayName="Goal" solution="Dynamics365ElectronicMedicalRecords (2.2.3.0)" />
        <Dependent key="1" type="1" schemaName="contact" displayName="Contact" />
      </MissingDependency>
      <MissingDependency>
        <Required key="2" type="1" schemaName="adx_pollsubmission" displayName="Poll Submission" solution="MicrosoftPortalBase (9.2.2006.10)" />
        <Dependent key="1" type="1" schemaName="contact" displayName="Contact" />
      </MissingDependency>
      <MissingDependency>
        <Required key="3" type="1" schemaName="msemr_procedurerequest" displayName="Procedure Request" solution="Dynamics365ElectronicMedicalRecords (2.2.3.0)" />
        <Dependent key="1" type="1" schemaName="contact" displayName="Contact" />
      </MissingDependency>
      <MissingDependency>
        <Required key="4" type="1" schemaName="msemr_appointmentemrparticipant" displayName="Appointment (EMR) Participant" solution="Dynamics365ElectronicMedicalRecords (2.2.3.0)" />
        <Dependent key="1" type="1" schemaName="contact" displayName="Contact" />
      </MissingDependency>
      <MissingDependency>
        <Required key="5" type="1" schemaName="msemr_procedureperformer" displayName="Procedure Performer" solution="Dynamics365ElectronicMedicalRecords (2.2.3.0)" />
        <Dependent key="1" type="1" schemaName="contact" displayName="Contact" />
      </MissingDependency>
      <MissingDependency>
        <Required key="6" type="1" schemaName="msemr_careplanauthor" displayName="Care Plan Author" solution="Dynamics365ElectronicMedicalRecords (2.2.3.0)" />
        <Dependent key="1" type="1" schemaName="contact" displayName="Contact" />
      </MissingDependency>
      <MissingDependency>
        <Required key="7" type="1" schemaName="msemr_practitionerqualification" displayName="Practitioner Qualification" solution="Dynamics365ElectronicMedicalRecords (2.2.3.0)" />
        <Dependent key="1" type="1" schemaName="contact" displayName="Contact" />
      </MissingDependency>
      <MissingDependency>
        <Required key="8" type="1" schemaName="msemr_observationperformer" displayName="Observation Performer" solution="Dynamics365ElectronicMedicalRecords (2.2.3.0)" />
        <Dependent key="1" type="1" schemaName="contact" displayName="Contact" />
      </MissingDependency>
      <MissingDependency>
        <Required key="9" type="1" schemaName="msemr_communicationrequest" displayName="Communication Request" solution="Dynamics365ElectronicMedicalRecords (2.2.3.0)" />
        <Dependent key="1" type="1" schemaName="contact" displayName="Contact" />
      </MissingDependency>
      <MissingDependency>
        <Required key="10" type="1" schemaName="msemr_visionprescription" displayName="Vision Prescription" solution="Dynamics365ElectronicMedicalRecords (2.2.3.0)" />
        <Dependent key="1" type="1" schemaName="contact" displayName="Contact" />
      </MissingDependency>
      <MissingDependency>
        <Required key="11" type="1" schemaName="msemr_medicationrequest" displayName="Medication Request" solution="Dynamics365ElectronicMedicalRecords (2.2.3.0)" />
        <Dependent key="1" type="1" schemaName="contact" displayName="Contact" />
      </MissingDependency>
      <MissingDependency>
        <Required key="12" type="1" schemaName="msnfp_disbursement" displayName="Disbursement" solution="NonprofitCore (2.3.3.0)" />
        <Dependent key="1" type="1" schemaName="contact" displayName="Contact" />
      </MissingDependency>
      <MissingDependency>
        <Required key="13" type="1" schemaName="msemr_careteam" displayName="Care Team" solution="Dynamics365ElectronicMedicalRecords (2.2.3.0)" />
        <Dependent key="1" type="1" schemaName="contact" displayName="Contact" />
      </MissingDependency>
      <MissingDependency>
        <Required key="14" type="1" schemaName="msnfp_docket" displayName="Docket" solution="NonprofitCore (2.3.3.0)" />
        <Dependent key="1" type="1" schemaName="contact" displayName="Contact" />
      </MissingDependency>
      <MissingDependency>
        <Required key="15" type="1" schemaName="msemr_taskrestrictionrecipient" displayName="Task Restriction Recipient" solution="Dynamics365ElectronicMedicalRecords (2.2.3.0)" />
        <Dependent key="1" type="1" schemaName="contact" displayName="Contact" />
      </MissingDependency>
      <MissingDependency>
        <Required key="16" type="1" schemaName="msemr_familymemberhistory" displayName="Family Member History" solution="Dynamics365ElectronicMedicalRecords (2.2.3.0)" />
        <Dependent key="1" type="1" schemaName="contact" displayName="Contact" />
      </MissingDependency>
      <MissingDependency>
        <Required key="17" type="1" schemaName="msnfp_awardversion" displayName="Award Version" solution="NonprofitCore (2.3.3.0)" />
        <Dependent key="1" type="1" schemaName="contact" displayName="Contact" />
      </MissingDependency>
      <MissingDependency>
        <Required key="18" type="1" schemaName="msemr_referralrequestrecipient" displayName="Referral Request Recipient" solution="Dynamics365ElectronicMedicalRecords (2.2.3.0)" />
        <Dependent key="1" type="1" schemaName="contact" displayName="Contact" />
      </MissingDependency>
      <MissingDependency>
        <Required key="19" type="1" schemaName="msnfp_benefitrecipient" displayName="Benefit Recipient" solution="NonprofitCore (2.3.3.0)" />
        <Dependent key="1" type="1" schemaName="contact" displayName="Contact" />
      </MissingDependency>
      <MissingDependency>
        <Required key="20" type="1" schemaName="msnfp_recommendation" displayName="Recommendation" solution="NonprofitCore (2.3.3.0)" />
        <Dependent key="1" type="1" schemaName="contact" displayName="Contact" />
      </MissingDependency>
      <MissingDependency>
        <Required key="21" type="1" schemaName="msnfp_employmenthistory" displayName="Employment History" solution="NonprofitCore (2.3.3.0)" />
        <Dependent key="1" type="1" schemaName="contact" displayName="Contact" />
      </MissingDependency>
      <MissingDependency>
        <Required key="22" type="1" schemaName="adx_invitation" displayName="Invitation" solution="MicrosoftPortalBase (9.2.2006.10)" />
        <Dependent key="1" type="1" schemaName="contact" displayName="Contact" />
      </MissingDependency>
      <MissingDependency>
        <Required key="23" type="1" schemaName="msemr_clinicalimpression" displayName="Clinical Impression" solution="Dynamics365ElectronicMedicalRecords (2.2.3.0)" />
        <Dependent key="1" type="1" schemaName="contact" displayName="Contact" />
      </MissingDependency>
      <MissingDependency>
        <Required key="24" type="1" schemaName="msnfp_award" displayName="Award" solution="NonprofitCore (2.3.3.0)" />
        <Dependent key="1" type="1" schemaName="contact" displayName="Contact" />
      </MissingDependency>
      <MissingDependency>
        <Required key="25" type="1" schemaName="msemr_device" displayName="Device" solution="Dynamics365ElectronicMedicalRecords (2.2.3.0)" />
        <Dependent key="1" type="1" schemaName="contact" displayName="Contact" />
      </MissingDependency>
      <MissingDependency>
        <Required key="26" type="1" schemaName="msemr_encounter" displayName="Encounter" solution="Dynamics365ElectronicMedicalRecords (2.2.3.0)" />
        <Dependent key="1" type="1" schemaName="contact" displayName="Contact" />
      </MissingDependency>
      <MissingDependency>
        <Required key="27" type="1" schemaName="msemr_requestgroupactionparticipant" displayName="Request Group Action Participant" solution="Dynamics365ElectronicMedicalRecords (2.2.3.0)" />
        <Dependent key="1" type="1" schemaName="contact" displayName="Contact" />
      </MissingDependency>
      <MissingDependency>
        <Required key="28" type="1" schemaName="msemr_observation" displayName="Observation" solution="Dynamics365ElectronicMedicalRecords (2.2.3.0)" />
        <Dependent key="1" type="1" schemaName="contact" displayName="Contact" />
      </MissingDependency>
      <MissingDependency>
        <Required key="29" type="1" schemaName="adx_communityforumalert" displayName="Forum Alert" solution="MicrosoftForums (9.2.2101.0)" />
        <Dependent key="1" type="1" schemaName="contact" displayName="Contact" />
      </MissingDependency>
      <MissingDependency>
        <Required key="30" type="1" schemaName="msemr_contactlink" displayName="Contact Link" solution="Dynamics365ElectronicMedicalRecords (2.2.3.0)" />
        <Dependent key="1" type="1" schemaName="contact" displayName="Contact" />
      </MissingDependency>
      <MissingDependency>
        <Required key="31" type="1" schemaName="msdyn_actual" displayName="Actual" solution="MicrosoftDynamicsScheduling (3.12.0.448)" />
        <Dependent key="1" type="1" schemaName="contact" displayName="Contact" />
      </MissingDependency>
      <MissingDependency>
        <Required key="32" type="1" schemaName="msnfp_review" displayName="Review" solution="NonprofitCore (2.3.3.0)" />
        <Dependent key="1" type="1" schemaName="contact" displayName="Contact" />
      </MissingDependency>
      <MissingDependency>
        <Required key="33" type="1" schemaName="msemr_devicerequest" displayName="Device Request" solution="Dynamics365ElectronicMedicalRecords (2.2.3.0)" />
        <Dependent key="1" type="1" schemaName="contact" displayName="Contact" />
      </MissingDependency>
      <MissingDependency>
        <Required key="34" type="1" schemaName="msnfp_workitemaction" displayName="Work Item Action" solution="NonprofitCore (2.3.3.0)" />
        <Dependent key="1" type="1" schemaName="contact" displayName="Contact" />
      </MissingDependency>
      <MissingDependency>
        <Required key="35" type="1" schemaName="msemr_careteamparticipant" displayName="Care Team Participant" solution="Dynamics365ElectronicMedicalRecords (2.2.3.0)" />
        <Dependent key="1" type="1" schemaName="contact" displayName="Contact" />
      </MissingDependency>
      <MissingDependency>
        <Required key="36" type="1" schemaName="msemr_medicationadministrationperformer" displayName="Medication Administration Performer" solution="Dynamics365ElectronicMedicalRecords (2.2.3.0)" />
        <Dependent key="1" type="1" schemaName="contact" displayName="Contact" />
      </MissingDependency>
      <MissingDependency>
        <Required key="37" type="1" schemaName="msemr_careplanactivityperformer" displayName="Care Plan Activity Performer" solution="Dynamics365ElectronicMedicalRecords (2.2.3.0)" />
        <Dependent key="1" type="1" schemaName="contact" displayName="Contact" />
      </MissingDependency>
      <MissingDependency>
        <Required key="38" type="1" schemaName="msemr_allergyintolerance" displayName="Allergy Intolerance" solution="Dynamics365ElectronicMedicalRecords (2.2.3.0)" />
        <Dependent key="1" type="1" schemaName="contact" displayName="Contact" />
      </MissingDependency>
      <MissingDependency>
        <Required key="39" type="1" schemaName="msemr_encounterparticipant" displayName="Encounter Participant" solution="Dynamics365ElectronicMedicalRecords (2.2.3.0)" />
        <Dependent key="1" type="1" schemaName="contact" displayName="Contact" />
      </MissingDependency>
      <MissingDependency>
        <Required key="40" type="1" schemaName="msemr_nutritionorder" displayName="Nutrition Order" solution="Dynamics365ElectronicMedicalRecords (2.2.3.0)" />
        <Dependent key="1" type="1" schemaName="contact" displayName="Contact" />
      </MissingDependency>
      <MissingDependency>
        <Required key="41" type="1" schemaName="msemr_episodeofcare" displayName="Episode of Care" solution="Dynamics365ElectronicMedicalRecords (2.2.3.0)" />
        <Dependent key="1" type="1" schemaName="contact" displayName="Contact" />
      </MissingDependency>
      <MissingDependency>
        <Required key="42" type="1" schemaName="adx_webformsession" displayName="Web Form Session" solution="MicrosoftPortalWebForms (9.2.2006.0)" />
        <Dependent key="1" type="1" schemaName="contact" displayName="Contact" />
      </MissingDependency>
      <MissingDependency>
        <Required key="43" type="1" schemaName="msemr_careplan" displayName="Care Plan" solution="Dynamics365ElectronicMedicalRecords (2.2.3.0)" />
        <Dependent key="1" type="1" schemaName="contact" displayName="Contact" />
      </MissingDependency>
      <MissingDependency>
        <Required key="44" type="1" schemaName="msemr_procedure" displayName="Procedure" solution="Dynamics365ElectronicMedicalRecords (2.2.3.0)" />
        <Dependent key="1" type="1" schemaName="contact" displayName="Contact" />
      </MissingDependency>
      <MissingDependency>
        <Required key="45" type="1" schemaName="msemr_referralrequest" displayName="Referral Request" solution="Dynamics365ElectronicMedicalRecords (2.2.3.0)" />
        <Dependent key="1" type="1" schemaName="contact" displayName="Contact" />
      </MissingDependency>
      <MissingDependency>
        <Required key="46" type="1" schemaName="msemr_specimen" displayName="Specimen" solution="Dynamics365ElectronicMedicalRecords (2.2.3.0)" />
        <Dependent key="1" type="1" schemaName="contact" displayName="Contact" />
      </MissingDependency>
      <MissingDependency>
        <Required key="47" type="1" schemaName="adx_externalidentity" displayName="External Identity" solution="MicrosoftIdentity (9.2.2006.0)" />
        <Dependent key="1" type="1" schemaName="contact" displayName="Contact" />
      </MissingDependency>
      <MissingDependency>
        <Required key="48" type="1" schemaName="adx_communityforumannouncement" displayName="Forum Announcement" solution="MicrosoftForums (9.2.2101.0)" />
        <Dependent key="1" type="1" schemaName="contact" displayName="Contact" />
      </MissingDependency>
      <MissingDependency>
        <Required key="49" type="1" schemaName="msnfp_membership" displayName="Membership" solution="NonprofitCore (2.3.3.0)" />
        <Dependent key="1" type="1" schemaName="contact" displayName="Contact" />
      </MissingDependency>
      <MissingDependency>
        <Required key="50" type="1" schemaName="msnfp_preference" displayName="Preference" solution="NonprofitCore (2.3.3.0)" />
        <Dependent key="1" type="1" schemaName="contact" displayName="Contact" />
      </MissingDependency>
      <MissingDependency>
        <Required key="51" type="1" schemaName="msnfp_salutation" displayName="Salutation" solution="NonprofitCore (2.3.3.0)" />
        <Dependent key="1" type="1" schemaName="contact" displayName="Contact" />
      </MissingDependency>
      <MissingDependency>
        <Required key="52" type="1" schemaName="msnfp_request" displayName="Request" solution="NonprofitCore (2.3.3.0)" />
        <Dependent key="1" type="1" schemaName="contact" displayName="Contact" />
      </MissingDependency>
      <MissingDependency>
        <Required key="53" type="1" schemaName="msnfp_education" displayName="Education" solution="NonprofitCore (2.3.3.0)" />
        <Dependent key="1" type="1" schemaName="contact" displayName="Contact" />
      </MissingDependency>
      <MissingDependency>
        <Required key="54" type="1" schemaName="msemr_activitydefinitioncontributorcontact" displayName="Activity Definition Contributor Contact" solution="Dynamics365ElectronicMedicalRecords (2.2.3.0)" />
        <Dependent key="1" type="1" schemaName="contact" displayName="Contact" />
      </MissingDependency>
      <MissingDependency>
        <Required key="55" type="1" schemaName="msemr_appointmentemr" displayName="Appointment (EMR)" solution="Dynamics365ElectronicMedicalRecords (2.2.3.0)" />
        <Dependent key="1" type="1" schemaName="contact" displayName="Contact" />
      </MissingDependency>
      <MissingDependency>
        <Required key="56" type="1" schemaName="msemr_communicationrequestrecipient" displayName="Communication Request Recipient" solution="Dynamics365ElectronicMedicalRecords (2.2.3.0)" />
        <Dependent key="1" type="1" schemaName="contact" displayName="Contact" />
      </MissingDependency>
      <MissingDependency>
        <Required key="57" type="1" schemaName="msemr_condition" displayName="Condition" solution="Dynamics365ElectronicMedicalRecords (2.2.3.0)" />
        <Dependent key="1" type="1" schemaName="contact" displayName="Contact" />
      </MissingDependency>
      <MissingDependency>
        <Required key="58" type="1" schemaName="msemr_medicalidentifier" displayName="Medical Identifier" solution="Dynamics365ElectronicMedicalRecords (2.2.3.0)" />
        <Dependent key="1" type="1" schemaName="contact" displayName="Contact" />
      </MissingDependency>
      <MissingDependency>
        <Required key="59" type="1" schemaName="msemr_medicationadministration" displayName="Medication Administration" solution="Dynamics365ElectronicMedicalRecords (2.2.3.0)" />
        <Dependent key="1" type="1" schemaName="contact" displayName="Contact" />
      </MissingDependency>
      <MissingDependency>
        <Required key="60" type="1" schemaName="msemr_plandefinitioncontributorcontact" displayName="Plan Definition Contributor Contact" solution="Dynamics365ElectronicMedicalRecords (2.2.3.0)" />
        <Dependent key="1" type="1" schemaName="contact" displayName="Contact" />
      </MissingDependency>
      <MissingDependency>
        <Required key="61" type="1" schemaName="msemr_riskassessment" displayName="Risk Assessment" solution="Dynamics365ElectronicMedicalRecords (2.2.3.0)" />
        <Dependent key="1" type="1" schemaName="contact" displayName="Contact" />
      </MissingDependency>
      <MissingDependency>
        <Required key="62" type="1" schemaName="msemr_schedule" displayName="Schedule" solution="Dynamics365ElectronicMedicalRecords (2.2.3.0)" />
        <Dependent key="1" type="1" schemaName="contact" displayName="Contact" />
      </MissingDependency>
      <MissingDependency>
        <Required key="63" type="1" schemaName="adx_pagealert" displayName="Page Alert" solution="MicrosoftPortalBase (9.2.2006.10)" />
        <Dependent key="1" type="1" schemaName="contact" displayName="Contact" />
      </MissingDependency>
      <MissingDependency>
        <Required key="64" type="1" schemaName="msdyn_ocliveworkitem" displayName="Conversation" solution="OmnichannelBase (1.5.0.383)" />
        <Dependent key="1" type="1" schemaName="contact" displayName="Contact" />
      </MissingDependency>
      <MissingDependency>
        <Required key="65" type="1" schemaName="adx_casedeflection" displayName="Case Deflection" solution="KnowledgeManagement (9.2.2101.0)" />
        <Dependent key="1" type="1" schemaName="contact" displayName="Contact" />
      </MissingDependency>
      <MissingDependency>
        <Required key="66" type="1" schemaName="msnfp_stakeholder" displayName="Stakeholder" solution="NonprofitCore (2.3.3.0)" />
        <Dependent key="1" type="1" schemaName="contact" displayName="Contact" />
      </MissingDependency>
      <MissingDependency>
        <Required key="67" type="1" schemaName="msnfp_need" displayName="Need" solution="NonprofitCore (2.3.3.0)" />
        <Dependent key="1" type="1" schemaName="contact" displayName="Contact" />
      </MissingDependency>
      <MissingDependency>
        <Required key="68" type="1" schemaName="msnfp_paymentmethod" displayName="Payment Method" solution="NonprofitCore (2.3.3.0)" />
        <Dependent key="1" type="1" schemaName="contact" displayName="Contact" />
      </MissingDependency>
      <MissingDependency>
        <Required key="69" type="1" schemaName="msnfp_transaction" displayName="Transaction" solution="NonprofitCore (2.3.3.0)" />
        <Dependent key="1" type="1" schemaName="contact" displayName="Contact" />
      </MissingDependency>
      <MissingDependency>
        <Required key="70" type="1" schemaName="adx_pagenotification" displayName="Page Notification" solution="MicrosoftPortalBase (9.2.2006.10)" />
        <Dependent key="1" type="1" schemaName="contact" displayName="Contact" />
      </MissingDependency>
      <MissingDependency>
        <Required key="71" type="1" schemaName="msemr_requestgroup" displayName="Request Group" solution="Dynamics365ElectronicMedicalRecords (2.2.3.0)" />
        <Dependent key="1" type="1" schemaName="contact" displayName="Contact" />
      </MissingDependency>
      <MissingDependency>
        <Required key="72" type="1" schemaName="adx_webpagelog" displayName="Web Page Log" solution="MicrosoftPortalBase (9.2.2006.10)" />
        <Dependent key="1" type="1" schemaName="contact" displayName="Contact" />
      </MissingDependency>
      <MissingDependency>
        <Required key="73" type="1" schemaName="opportunity" displayName="Opportunity" solution="msdynce_Sales (9.0.4.0076)" />
        <Dependent key="1" type="1" schemaName="contact" displayName="Contact" />
      </MissingDependency>
      <MissingDependency>
        <Required key="74" type="1" schemaName="msemr_practitionerrole" displayName="Practitioner Role" solution="Dynamics365ElectronicMedicalRecords (2.2.3.0)" />
        <Dependent key="1" type="1" schemaName="contact" displayName="Contact" />
      </MissingDependency>
      <MissingDependency>
        <Required key="75" type="1" schemaName="msnfp_report" displayName="Report" solution="NonprofitCore (2.3.3.0)" />
        <Dependent key="1" type="1" schemaName="contact" displayName="Contact" />
      </MissingDependency>
      <MissingDependency>
        <Required key="76" type="1" schemaName="msdyn_liveconversation" displayName="Ongoing conversation (Deprecated)" solution="OmnichannelBase (1.5.0.383)" />
        <Dependent key="1" type="1" schemaName="contact" displayName="Contact" />
      </MissingDependency>
      <MissingDependency>
        <Required key="77" type="1" schemaName="msnfp_donorcommitment" displayName="Donor Commitment" solution="NonprofitCore (2.3.3.0)" />
        <Dependent key="1" type="1" schemaName="contact" displayName="Contact" />
      </MissingDependency>
      <MissingDependency>
        <Required key="78" type="1" schemaName="adx_forumnotification" displayName="Forum Notification" solution="MicrosoftForums (9.2.2101.0)" />
        <Dependent key="1" type="1" schemaName="contact" displayName="Contact" />
      </MissingDependency>
      <MissingDependency>
        <Required key="79" type="1" schemaName="msnfp_paymentschedule" displayName="Payment Schedule" solution="NonprofitCore (2.3.3.0)" />
        <Dependent key="1" type="1" schemaName="contact" displayName="Contact" />
      </MissingDependency>
      <MissingDependency>
        <Required key="80" type="1" schemaName="adx_bpf_c2857b638fa7473d8e2f112c232cebd8" displayName="Change Password for Portals Contact" solution="MicrosoftIdentity (9.2.2006.0)" />
        <Dependent key="1" type="1" schemaName="contact" displayName="Contact" />
      </MissingDependency>
      <MissingDependency>
        <Required key="81" type="1" schemaName="msemr_scheduleactor" displayName="Schedule Actor" solution="Dynamics365ElectronicMedicalRecords (2.2.3.0)" />
        <Dependent key="1" type="1" schemaName="contact" displayName="Contact" />
      </MissingDependency>
      <MissingDependency>
        <Required key="82" type="1" schemaName="msemr_communication" displayName="Communication" solution="Dynamics365ElectronicMedicalRecords (2.2.3.0)" />
        <Dependent key="1" type="1" schemaName="contact" displayName="Contact" />
      </MissingDependency>
      <MissingDependency>
        <Required key="83" type="1" schemaName="adx_webpagehistory" displayName="Web Page History" solution="MicrosoftPortalBase (9.2.2006.10)" />
        <Dependent key="1" type="1" schemaName="contact" displayName="Contact" />
      </MissingDependency>
      <MissingDependency>
        <Required key="84" type="1" schemaName="contoso_booking" displayName="Booking" solution="Active" />
        <Dependent key="1" type="1" schemaName="contact" displayName="Contact" />
      </MissingDependency>
      <MissingDependency>
        <Required key="85" type="1" schemaName="msemr_relatedperson" displayName="Related Person" solution="Dynamics365ElectronicMedicalRecords (2.2.3.0)" />
        <Dependent key="1" type="1" schemaName="contact" displayName="Contact" />
      </MissingDependency>
      <MissingDependency>
        <Required key="86" type="1" schemaName="adx_communityforumpost" displayName="Forum Post" solution="MicrosoftForums (9.2.2101.0)" />
        <Dependent key="1" type="1" schemaName="contact" displayName="Contact" />
      </MissingDependency>
      <MissingDependency>
        <Required key="87" type="1" schemaName="msnfp_ofacmatch" displayName="OFAC Match" solution="NonprofitCore (2.3.3.0)" />
        <Dependent key="1" type="1" schemaName="contact" displayName="Contact" />
      </MissingDependency>
      <MissingDependency>
        <Required key="88" type="1" schemaName="msnfp_plannedgiving" displayName="Planned Giving" solution="NonprofitCore (2.3.3.0)" />
        <Dependent key="1" type="1" schemaName="contact" displayName="Contact" />
      </MissingDependency>
      <MissingDependency>
        <Required key="89" type="1" schemaName="adx_webfilelog" displayName="Web File Log" solution="MicrosoftPortalBase (9.2.2006.10)" />
        <Dependent key="1" type="1" schemaName="contact" displayName="Contact" />
      </MissingDependency>
      <MissingDependency>
        <Required key="90" type="1" schemaName="msemr_additionalname" displayName="Additional Name" solution="Dynamics365ElectronicMedicalRecords (2.2.3.0)" />
        <Dependent key="1" type="1" schemaName="contact" displayName="Contact" />
      </MissingDependency>
      <MissingDependency>
        <Required key="91" type="1" schemaName="incident" displayName="Case" solution="msdynce_Service (9.0.5.56)" />
        <Dependent key="1" type="1" schemaName="contact" displayName="Contact" />
      </MissingDependency>
      <MissingDependency>
        <Required key="92" type="1" schemaName="adx_webpage" displayName="Web Page" solution="MicrosoftPortalDependencies (9.2.10.0)" />
        <Dependent key="1" type="1" schemaName="contact" displayName="Contact" />
      </MissingDependency>
      <MissingDependency>
        <Required key="93" type="1" schemaName="msemr_activitydefinitioncontact" displayName="Activity Definition Contact" solution="Dynamics365ElectronicMedicalRecords (2.2.3.0)" />
        <Dependent key="1" type="1" schemaName="contact" displayName="Contact" />
      </MissingDependency>
      <MissingDependency>
        <Required key="94" type="1" schemaName="msnfp_creditrecipient" displayName="Credit Plan Recipient" solution="NonprofitCore (2.3.3.0)" />
        <Dependent key="1" type="1" schemaName="contact" displayName="Contact" />
      </MissingDependency>
      <MissingDependency>
        <Required key="95" type="1" schemaName="msnfp_workitem" displayName="Work Item" solution="NonprofitCore (2.3.3.0)" />
        <Dependent key="1" type="1" schemaName="contact" displayName="Contact" />
      </MissingDependency>
      <MissingDependency>
        <Required key="96" type="1" schemaName="new_outageprocessflow" displayName="Outage Process Flow" solution="Active" />
        <Dependent key="97" type="1" schemaName="contoso_outage" displayName="Outage" />
      </MissingDependency>
      <MissingDependency>
        <Required key="91" type="1" schemaName="incident" displayName="Case" solution="msdynce_Service (9.0.5.56)" />
        <Dependent key="97" type="1" schemaName="contoso_outage" displayName="Outage" />
      </MissingDependency>
      <MissingDependency>
        <Required key="98" type="1" schemaName="entitlement" displayName="Entitlement" solution="msdynce_Service (9.0.5.56)" />
        <Dependent key="99" type="80" schemaName="contoso_ITSM" displayName="ITSM" />
      </MissingDependency>
      <MissingDependency>
        <Required key="91" type="1" schemaName="incident" displayName="Case" solution="msdynce_Service (9.0.5.56)" />
        <Dependent key="99" type="80" schemaName="contoso_ITSM" displayName="ITSM" />
      </MissingDependency>
      <MissingDependency>
        <Required key="100" type="1" schemaName="msdyn_knowledgesearchinsight" displayName="Knowledge Search Insight" solution="msdynce_KnowledgeManagementOnlineFeatures (9.0.1.5714)" />
        <Dependent key="99" type="80" schemaName="contoso_ITSM" displayName="ITSM" />
      </MissingDependency>
      <MissingDependency>
        <Required key="55" type="1" schemaName="msemr_appointmentemr" displayName="Appointment (EMR)" solution="Dynamics365ElectronicMedicalRecords (2.2.3.0)" />
        <Dependent key="99" type="80" schemaName="contoso_ITSM" displayName="ITSM" />
      </MissingDependency>
      <MissingDependency>
        <Required key="96" type="1" schemaName="new_outageprocessflow" displayName="Outage Process Flow" solution="Active" />
        <Dependent key="99" type="80" schemaName="contoso_ITSM" displayName="ITSM" />
      </MissingDependency>
      <MissingDependency>
        <Required key="101" type="1" schemaName="msemr_careplanactivity" displayName="Care Plan Activity" solution="Dynamics365ElectronicMedicalRecords (2.2.3.0)" />
        <Dependent key="99" type="80" schemaName="contoso_ITSM" displayName="ITSM" />
      </MissingDependency>
      <MissingDependency>
        <Required key="102" type="29" displayName="Outage Process Flow" solution="Active" id="{020ea871-f9f2-48e9-b525-88d148ac1e52}" />
        <Dependent key="99" type="80" schemaName="contoso_ITSM" displayName="ITSM" />
      </MissingDependency>
      <MissingDependency>
        <Required key="103" type="60" displayName="Customer Service Representative Social Dashboard" solution="msdynce_Service (9.0.5.56)" id="{063e7659-05d9-4030-960d-10fe269a5a8b}" />
        <Dependent key="99" type="80" schemaName="contoso_ITSM" displayName="ITSM" />
      </MissingDependency>
      <MissingDependency>
        <Required key="104" type="60" displayName="Customer Service Manager Dashboard" solution="msdynce_Service (9.0.5.56)" id="{65e050d3-8b71-4b53-acb5-bb9af83bf384}" />
        <Dependent key="99" type="80" schemaName="contoso_ITSM" displayName="ITSM" />
      </MissingDependency>
      <MissingDependency>
        <Required key="105" type="60" displayName="Customer Service Representative Social Dashboard (original version)" solution="msdynce_Service (9.0.5.56)" id="{15e19ce1-819e-4789-a5aa-ea4fe1741568}" />
        <Dependent key="99" type="80" schemaName="contoso_ITSM" displayName="ITSM" />
      </MissingDependency>
      <MissingDependency>
        <Required key="106" type="60" displayName="Customer Service Operations Dashboard" solution="msdynce_Service (9.0.5.56)" id="{4e76815a-1f63-df11-ae90-00155d2e3002}" />
        <Dependent key="99" type="80" schemaName="contoso_ITSM" displayName="ITSM" />
      </MissingDependency>
      <MissingDependency>
        <Required key="107" type="60" displayName="Cases Overview" solution="Active" id="{99260f99-c4a0-4b42-8fc1-4643840320a9}" />
        <Dependent key="99" type="80" schemaName="contoso_ITSM" displayName="ITSM" />
      </MissingDependency>
      <MissingDependency>
        <Required key="108" type="60" displayName="Customer Service Representative Dashboard" solution="msdynce_Service (9.0.5.56)" id="{6e00802f-8c73-df11-986c-00155d2e3002}" />
        <Dependent key="99" type="80" schemaName="contoso_ITSM" displayName="ITSM" />
      </MissingDependency>
      <MissingDependency>
        <Required key="109" type="60" displayName="Customer Service Performance Dashboard (original version)" solution="msdynce_Service (9.0.5.56)" id="{2e3d0841-fa6d-df11-986c-00155d2e3002}" />
        <Dependent key="99" type="80" schemaName="contoso_ITSM" displayName="ITSM" />
      </MissingDependency>
      <MissingDependency>
        <Required key="110" type="60" displayName="Tier 1 Dashboard" solution="msdynce_Service (9.0.5.56)" id="{d201a642-6283-4f1d-81b7-da4b1685e698}" />
        <Dependent key="99" type="80" schemaName="contoso_ITSM" displayName="ITSM" />
      </MissingDependency>
      <MissingDependency>
        <Required key="111" type="60" displayName="Customer Service Agent Dashboard" solution="msdynce_ServicePatch201911 (9.0.21034.1032)" id="{338ea94a-8f9f-ea11-a812-000d3a31a607}" />
        <Dependent key="99" type="80" schemaName="contoso_ITSM" displayName="ITSM" />
      </MissingDependency>
      <MissingDependency>
        <Required key="112" type="60" displayName="Tier 2 Dashboard" solution="msdynce_Service (9.0.5.56)" id="{acddedde-9140-4130-a1c1-96a5c6867a9f}" />
        <Dependent key="99" type="80" schemaName="contoso_ITSM" displayName="ITSM" />
      </MissingDependency>
      <MissingDependency>
        <Required key="113" type="60" displayName="Customer Service Performance Dashboard" solution="msdynce_Service (9.0.5.56)" id="{acb40ffe-a1e0-47d0-a472-799911009df6}" />
        <Dependent key="99" type="80" schemaName="contoso_ITSM" displayName="ITSM" />
      </MissingDependency>
      <MissingDependency>
        <Required key="114" type="61" schemaName="msdyn_/Images/AppModule_Default_Icon.png" displayName="msdyn_/Images/AppModule_Default_Icon.png" solution="AppModuleWebResources (2.5)" />
        <Dependent key="99" type="80" schemaName="contoso_ITSM" displayName="ITSM" />
      </MissingDependency>
      <MissingDependency>
        <Required key="91" type="1" schemaName="incident" displayName="Case" solution="msdynce_Service (9.0.5.56)" />
        <Dependent key="115" type="60" displayName="Information" parentDisplayName="Outage" id="{83068d2a-c691-4e2e-8877-83c8ac0e8584}" />
      </MissingDependency>
      <MissingDependency>
        <Required key="116" type="10" schemaName="contoso_Outage_RelatedCases_Incident" displayName="contoso_Outage_RelatedCases_Incident" parentSchemaName="incident" parentDisplayName="Case" solution="Active" />
        <Dependent key="115" type="60" displayName="Information" parentDisplayName="Outage" id="{83068d2a-c691-4e2e-8877-83c8ac0e8584}" />
      </MissingDependency>
      <MissingDependency>
        <Required key="117" type="26" schemaName="My Active Cases" displayName="My Active Cases" parentSchemaName="incident" parentDisplayName="Case" solution="msdynce_Service (9.0.5.56)" id="{00000000-0000-0000-00aa-000010001028}" />
        <Dependent key="115" type="60" displayName="Information" parentDisplayName="Outage" id="{83068d2a-c691-4e2e-8877-83c8ac0e8584}" />
      </MissingDependency>
      <MissingDependency>
        <Required key="118" type="26" schemaName="Active Cases" displayName="Active Cases" parentSchemaName="incident" parentDisplayName="Case" solution="msdynce_Service (9.0.5.56)" id="{00000000-0000-0000-00aa-000010001032}" />
        <Dependent key="115" type="60" displayName="Information" parentDisplayName="Outage" id="{83068d2a-c691-4e2e-8877-83c8ac0e8584}" />
      </MissingDependency>
      <MissingDependency>
        <Required key="119" type="2" schemaName="preferredequipmentid" displayName="Preferred Facility/Equipment" parentSchemaName="contact" parentDisplayName="Contact" solution="msdynce_Service (9.0.5.56)" />
        <Dependent key="120" type="60" displayName="Information" parentDisplayName="Contact" id="{894cc46a-b0cb-4ab0-8bf6-200544e46a2d}" />
      </MissingDependency>
      <MissingDependency>
        <Required key="121" type="2" schemaName="originatingleadid" displayName="Originating Lead" parentSchemaName="contact" parentDisplayName="Contact" solution="msdynce_LeadManagement (9.0.4.0066)" />
        <Dependent key="120" type="60" displayName="Information" parentDisplayName="Contact" id="{894cc46a-b0cb-4ab0-8bf6-200544e46a2d}" />
      </MissingDependency>
      <MissingDependency>
        <Required key="122" type="2" schemaName="defaultpricelevelid" displayName="Price List" parentSchemaName="contact" parentDisplayName="Contact" solution="msdynce_ProductManagement (9.0.4.0066)" />
        <Dependent key="120" type="60" displayName="Information" parentDisplayName="Contact" id="{894cc46a-b0cb-4ab0-8bf6-200544e46a2d}" />
      </MissingDependency>
      <MissingDependency>
        <Required key="123" type="2" schemaName="preferredserviceid" displayName="Preferred Service" parentSchemaName="contact" parentDisplayName="Contact" solution="msdynce_Service (9.0.5.56)" />
        <Dependent key="120" type="60" displayName="Information" parentDisplayName="Contact" id="{894cc46a-b0cb-4ab0-8bf6-200544e46a2d}" />
      </MissingDependency>
      <MissingDependency>
        <Required key="124" type="26" schemaName="Active Services" displayName="Active Services" parentSchemaName="service" parentDisplayName="Service" solution="msdynce_Service (9.0.5.56)" id="{2bd4de5e-a7b4-4f5d-8fde-eb3b62d8e2b2}" />
        <Dependent key="120" type="60" displayName="Information" parentDisplayName="Contact" id="{894cc46a-b0cb-4ab0-8bf6-200544e46a2d}" />
      </MissingDependency>
      <MissingDependency>
        <Required key="120" type="60" displayName="Information" parentDisplayName="Contact" solution="msdynce_AppCommon (9.0.4.0066)" id="{894cc46a-b0cb-4ab0-8bf6-200544e46a2d}" />
        <Dependent key="120" type="60" displayName="Information" parentDisplayName="Contact" id="{894cc46a-b0cb-4ab0-8bf6-200544e46a2d}" />
      </MissingDependency>
      <MissingDependency>
        <Required key="125" type="61" schemaName="msdyn_/RecordWall.htm" displayName="msdyn_/RecordWall.htm" solution="ActivityFeedsCore (9.0.0.0005)" />
        <Dependent key="120" type="60" displayName="Information" parentDisplayName="Contact" id="{894cc46a-b0cb-4ab0-8bf6-200544e46a2d}" />
      </MissingDependency>
      <MissingDependency>
        <Required key="126" type="61" schemaName="msdyn_/ActivityFeeds.Form.js" displayName="msdyn_/ActivityFeeds.Form.js" solution="ActivityFeedsCore (9.0.0.0005)" />
        <Dependent key="120" type="60" displayName="Information" parentDisplayName="Contact" id="{894cc46a-b0cb-4ab0-8bf6-200544e46a2d}" />
      </MissingDependency>
      <MissingDependency>
        <Required key="127" type="26" schemaName="All Contacts" displayName="All Contacts" parentSchemaName="contact" parentDisplayName="Contact" solution="msdynce_AppCommon (9.0.4.0066)" id="{0d5d377b-5e7c-47b5-bab1-a5cb8b4ac105}" />
        <Dependent key="128" type="60" displayName="Contacts Dashboard" parentDisplayName="Contact" id="{70ad8b15-e3f3-4d7d-9e4b-16cb4e51b484}" />
      </MissingDependency>
      <MissingDependency>
        <Required key="128" type="60" displayName="Contacts Dashboard" parentDisplayName="Contact" solution="msdynce_Service (9.0.5.56)" id="{70ad8b15-e3f3-4d7d-9e4b-16cb4e51b484}" />
        <Dependent key="128" type="60" displayName="Contacts Dashboard" parentDisplayName="Contact" id="{70ad8b15-e3f3-4d7d-9e4b-16cb4e51b484}" />
      </MissingDependency>
      <MissingDependency>
        <Required key="91" type="1" schemaName="incident" displayName="Case" solution="msdynce_Service (9.0.5.56)" />
        <Dependent key="129" type="300" schemaName="contoso_itsmuserportal_67526" displayName="ITSM User Portal" />
      </MissingDependency>
      <MissingDependency>
        <Required key="130" type="1" schemaName="product" displayName="Product" solution="msdynce_ProductManagement (9.0.4.0066)" />
        <Dependent key="129" type="300" schemaName="contoso_itsmuserportal_67526" displayName="ITSM User Portal" />
      </MissingDependency>
      <MissingDependency>
        <Required key="131" type="1" schemaName="adx_portallanguage" displayName="Portal Language" solution="MicrosoftPortalBase (9.2.2006.10)" />
        <Dependent key="132" type="10" schemaName="adx_portallanguage_contact" displayName="adx_portallanguage_contact" parentSchemaName="contact" parentDisplayName="Contact" />
      </MissingDependency>
      <MissingDependency>
        <Required key="133" type="2" schemaName="adx_preferredlanguageid" displayName="Preferred Language" parentSchemaName="contact" parentDisplayName="Contact" solution="MicrosoftPortalBase (9.2.2006.10)" />
        <Dependent key="132" type="10" schemaName="adx_portallanguage_contact" displayName="adx_portallanguage_contact" parentSchemaName="contact" parentDisplayName="Contact" />
      </MissingDependency>
      <MissingDependency>
        <Required key="134" type="2" schemaName="adx_name" displayName="Name" parentSchemaName="adx_portallanguage" parentDisplayName="Portal Language" solution="MicrosoftPortalBase (9.2.2006.10)" />
        <Dependent key="132" type="10" schemaName="adx_portallanguage_contact" displayName="adx_portallanguage_contact" parentSchemaName="contact" parentDisplayName="Contact" />
      </MissingDependency>
      <MissingDependency>
        <Required key="135" type="2" schemaName="adx_portallanguageid" displayName="Portal Language" parentSchemaName="adx_portallanguage" parentDisplayName="Portal Language" solution="MicrosoftPortalBase (9.2.2006.10)" />
        <Dependent key="132" type="10" schemaName="adx_portallanguage_contact" displayName="adx_portallanguage_contact" parentSchemaName="contact" parentDisplayName="Contact" />
      </MissingDependency>
      <MissingDependency>
        <Required key="132" type="10" schemaName="adx_portallanguage_contact" displayName="adx_portallanguage_contact" parentSchemaName="contact" parentDisplayName="Contact" solution="MicrosoftPortalBase (9.2.2006.10)" />
        <Dependent key="132" type="10" schemaName="adx_portallanguage_contact" displayName="adx_portallanguage_contact" parentSchemaName="contact" parentDisplayName="Contact" />
      </MissingDependency>
      <MissingDependency>
        <Required key="136" type="1" schemaName="msemr_codeableconcept" displayName="Codeable Concept" solution="Dynamics365ElectronicMedicalRecords (2.2.3.0)" />
        <Dependent key="137" type="10" schemaName="msemr_msemr_codeableconcept_contact_Link2Type" displayName="msemr_msemr_codeableconcept_contact_Link2Type" parentSchemaName="contact" parentDisplayName="Contact" />
      </MissingDependency>
      <MissingDependency>
        <Required key="138" type="2" schemaName="msemr_name" displayName="Name" parentSchemaName="msemr_codeableconcept" parentDisplayName="Codeable Concept" solution="Dynamics365ElectronicMedicalRecords (2.2.3.0)" />
        <Dependent key="137" type="10" schemaName="msemr_msemr_codeableconcept_contact_Link2Type" displayName="msemr_msemr_codeableconcept_contact_Link2Type" parentSchemaName="contact" parentDisplayName="Contact" />
      </MissingDependency>
      <MissingDependency>
        <Required key="137" type="10" schemaName="msemr_msemr_codeableconcept_contact_Link2Type" displayName="msemr_msemr_codeableconcept_contact_Link2Type" parentSchemaName="contact" parentDisplayName="Contact" solution="Dynamics365ElectronicMedicalRecords (2.2.3.0)" />
        <Dependent key="137" type="10" schemaName="msemr_msemr_codeableconcept_contact_Link2Type" displayName="msemr_msemr_codeableconcept_contact_Link2Type" parentSchemaName="contact" parentDisplayName="Contact" />
      </MissingDependency>
      <MissingDependency>
        <Required key="139" type="10" schemaName="msemr_msemr_codeableconcept_contact_Communication2Language" displayName="msemr_msemr_codeableconcept_contact_Communication2Language" parentSchemaName="contact" parentDisplayName="Contact" solution="Dynamics365ElectronicMedicalRecords (2.2.3.0)" />
        <Dependent key="137" type="10" schemaName="msemr_msemr_codeableconcept_contact_Link2Type" displayName="msemr_msemr_codeableconcept_contact_Link2Type" parentSchemaName="contact" parentDisplayName="Contact" />
      </MissingDependency>
      <MissingDependency>
        <Required key="140" type="10" schemaName="msemr_msemr_codeableconcept_contact_AnimalBreed" displayName="msemr_msemr_codeableconcept_contact_AnimalBreed" parentSchemaName="contact" parentDisplayName="Contact" solution="Dynamics365ElectronicMedicalRecords (2.2.3.0)" />
        <Dependent key="137" type="10" schemaName="msemr_msemr_codeableconcept_contact_Link2Type" displayName="msemr_msemr_codeableconcept_contact_Link2Type" parentSchemaName="contact" parentDisplayName="Contact" />
      </MissingDependency>
      <MissingDependency>
        <Required key="141" type="10" schemaName="msemr_msemr_codeableconcept_contact_Link1Type" displayName="msemr_msemr_codeableconcept_contact_Link1Type" parentSchemaName="contact" parentDisplayName="Contact" solution="Dynamics365ElectronicMedicalRecords (2.2.3.0)" />
        <Dependent key="137" type="10" schemaName="msemr_msemr_codeableconcept_contact_Link2Type" displayName="msemr_msemr_codeableconcept_contact_Link2Type" parentSchemaName="contact" parentDisplayName="Contact" />
      </MissingDependency>
      <MissingDependency>
        <Required key="142" type="10" schemaName="msemr_msemr_codeableconcept_contact_AnimalSpecies" displayName="msemr_msemr_codeableconcept_contact_AnimalSpecies" parentSchemaName="contact" parentDisplayName="Contact" solution="Dynamics365ElectronicMedicalRecords (2.2.3.0)" />
        <Dependent key="137" type="10" schemaName="msemr_msemr_codeableconcept_contact_Link2Type" displayName="msemr_msemr_codeableconcept_contact_Link2Type" parentSchemaName="contact" parentDisplayName="Contact" />
      </MissingDependency>
      <MissingDependency>
        <Required key="143" type="10" schemaName="msemr_msemr_codeableconcept_contact_AnimalGenderStatus" displayName="msemr_msemr_codeableconcept_contact_AnimalGenderStatus" parentSchemaName="contact" parentDisplayName="Contact" solution="Dynamics365ElectronicMedicalRecords (2.2.3.0)" />
        <Dependent key="137" type="10" schemaName="msemr_msemr_codeableconcept_contact_Link2Type" displayName="msemr_msemr_codeableconcept_contact_Link2Type" parentSchemaName="contact" parentDisplayName="Contact" />
      </MissingDependency>
      <MissingDependency>
        <Required key="144" type="10" schemaName="msemr_msemr_codeableconcept_contact_Contact2Relationship" displayName="msemr_msemr_codeableconcept_contact_Contact2Relationship" parentSchemaName="contact" parentDisplayName="Contact" solution="Dynamics365ElectronicMedicalRecords (2.2.3.0)" />
        <Dependent key="137" type="10" schemaName="msemr_msemr_codeableconcept_contact_Link2Type" displayName="msemr_msemr_codeableconcept_contact_Link2Type" parentSchemaName="contact" parentDisplayName="Contact" />
      </MissingDependency>
      <MissingDependency>
        <Required key="145" type="10" schemaName="msemr_msemr_codeableconcept_contact_Contact1Relationship" displayName="msemr_msemr_codeableconcept_contact_Contact1Relationship" parentSchemaName="contact" parentDisplayName="Contact" solution="Dynamics365ElectronicMedicalRecords (2.2.3.0)" />
        <Dependent key="137" type="10" schemaName="msemr_msemr_codeableconcept_contact_Link2Type" displayName="msemr_msemr_codeableconcept_contact_Link2Type" parentSchemaName="contact" parentDisplayName="Contact" />
      </MissingDependency>
      <MissingDependency>
        <Required key="146" type="10" schemaName="msemr_msemr_codeableconcept_contact_Communication1Language" displayName="msemr_msemr_codeableconcept_contact_Communication1Language" parentSchemaName="contact" parentDisplayName="Contact" solution="Dynamics365ElectronicMedicalRecords (2.2.3.0)" />
        <Dependent key="137" type="10" schemaName="msemr_msemr_codeableconcept_contact_Link2Type" displayName="msemr_msemr_codeableconcept_contact_Link2Type" parentSchemaName="contact" parentDisplayName="Contact" />
      </MissingDependency>
      <MissingDependency>
        <Required key="147" type="2" schemaName="msemr_codeableconceptid" displayName="Codeable Concept" parentSchemaName="msemr_codeableconcept" parentDisplayName="Codeable Concept" solution="Dynamics365ElectronicMedicalRecords (2.2.3.0)" />
        <Dependent key="146" type="10" schemaName="msemr_msemr_codeableconcept_contact_Communication1Language" displayName="msemr_msemr_codeableconcept_contact_Communication1Language" parentSchemaName="contact" parentDisplayName="Contact" />
      </MissingDependency>
      <MissingDependency>
        <Required key="148" type="2" schemaName="msemr_communication1language" displayName="Primary Language" parentSchemaName="contact" parentDisplayName="Contact" solution="Dynamics365ElectronicMedicalRecords (2.2.3.0)" />
        <Dependent key="146" type="10" schemaName="msemr_msemr_codeableconcept_contact_Communication1Language" displayName="msemr_msemr_codeableconcept_contact_Communication1Language" parentSchemaName="contact" parentDisplayName="Contact" />
      </MissingDependency>
      <MissingDependency>
        <Required key="149" type="2" schemaName="msemr_link1type" displayName="Patient Link Type 1" parentSchemaName="contact" parentDisplayName="Contact" solution="Dynamics365ElectronicMedicalRecords (2.2.3.0)" />
        <Dependent key="146" type="10" schemaName="msemr_msemr_codeableconcept_contact_Communication1Language" displayName="msemr_msemr_codeableconcept_contact_Communication1Language" parentSchemaName="contact" parentDisplayName="Contact" />
      </MissingDependency>
      <MissingDependency>
        <Required key="150" type="2" schemaName="msemr_animalspecies" displayName="AnimalSpecies" parentSchemaName="contact" parentDisplayName="Contact" solution="Dynamics365ElectronicMedicalRecords (2.2.3.0)" />
        <Dependent key="146" type="10" schemaName="msemr_msemr_codeableconcept_contact_Communication1Language" displayName="msemr_msemr_codeableconcept_contact_Communication1Language" parentSchemaName="contact" parentDisplayName="Contact" />
      </MissingDependency>
      <MissingDependency>
        <Required key="151" type="2" schemaName="msemr_animalgenderstatus" displayName="Animal Gender Status" parentSchemaName="contact" parentDisplayName="Contact" solution="Dynamics365ElectronicMedicalRecords (2.2.3.0)" />
        <Dependent key="146" type="10" schemaName="msemr_msemr_codeableconcept_contact_Communication1Language" displayName="msemr_msemr_codeableconcept_contact_Communication1Language" parentSchemaName="contact" parentDisplayName="Contact" />
      </MissingDependency>
      <MissingDependency>
        <Required key="152" type="2" schemaName="msemr_communication2language" displayName="Secondary Language" parentSchemaName="contact" parentDisplayName="Contact" solution="Dynamics365ElectronicMedicalRecords (2.2.3.0)" />
        <Dependent key="146" type="10" schemaName="msemr_msemr_codeableconcept_contact_Communication1Language" displayName="msemr_msemr_codeableconcept_contact_Communication1Language" parentSchemaName="contact" parentDisplayName="Contact" />
      </MissingDependency>
      <MissingDependency>
        <Required key="153" type="2" schemaName="msemr_animalbreed" displayName="Animal Breed" parentSchemaName="contact" parentDisplayName="Contact" solution="Dynamics365ElectronicMedicalRecords (2.2.3.0)" />
        <Dependent key="146" type="10" schemaName="msemr_msemr_codeableconcept_contact_Communication1Language" displayName="msemr_msemr_codeableconcept_contact_Communication1Language" parentSchemaName="contact" parentDisplayName="Contact" />
      </MissingDependency>
      <MissingDependency>
        <Required key="154" type="2" schemaName="msemr_link2type" displayName="Patient Link Type 2" parentSchemaName="contact" parentDisplayName="Contact" solution="Dynamics365ElectronicMedicalRecords (2.2.3.0)" />
        <Dependent key="146" type="10" schemaName="msemr_msemr_codeableconcept_contact_Communication1Language" displayName="msemr_msemr_codeableconcept_contact_Communication1Language" parentSchemaName="contact" parentDisplayName="Contact" />
      </MissingDependency>
      <MissingDependency>
        <Required key="155" type="2" schemaName="msemr_contact2relationship" displayName="Primary Contact Relationship" parentSchemaName="contact" parentDisplayName="Contact" solution="Dynamics365ElectronicMedicalRecords (2.2.3.0)" />
        <Dependent key="146" type="10" schemaName="msemr_msemr_codeableconcept_contact_Communication1Language" displayName="msemr_msemr_codeableconcept_contact_Communication1Language" parentSchemaName="contact" parentDisplayName="Contact" />
      </MissingDependency>
      <MissingDependency>
        <Required key="156" type="2" schemaName="msemr_contact1relationship" displayName="Emergency Contact Relationship" parentSchemaName="contact" parentDisplayName="Contact" solution="Dynamics365ElectronicMedicalRecords (2.2.3.0)" />
        <Dependent key="146" type="10" schemaName="msemr_msemr_codeableconcept_contact_Communication1Language" displayName="msemr_msemr_codeableconcept_contact_Communication1Language" parentSchemaName="contact" parentDisplayName="Contact" />
      </MissingDependency>
      <MissingDependency>
        <Required key="91" type="1" schemaName="incident" displayName="Case" solution="msdynce_Service (9.0.5.56)" />
        <Dependent key="157" type="62" schemaName="contoso_ITSM" />
      </MissingDependency>
      <MissingDependency>
        <Required key="100" type="1" schemaName="msdyn_knowledgesearchinsight" displayName="Knowledge Search Insight" solution="msdynce_KnowledgeManagementOnlineFeatures (9.0.1.5714)" />
        <Dependent key="157" type="62" schemaName="contoso_ITSM" />
      </MissingDependency>
      <MissingDependency>
        <Required key="158" type="2" schemaName="msnfp_reportstoid" displayName="Reports To" parentSchemaName="contact" parentDisplayName="Contact" solution="NonprofitCore (2.3.3.0)" />
        <Dependent key="159" type="2" schemaName="parentcustomerid" displayName="Company Name" parentSchemaName="contact" parentDisplayName="Contact" />
      </MissingDependency>
      <MissingDependency>
        <Required key="160" type="2" schemaName="msemr_generalpractioner" displayName="Primary Practitioner" parentSchemaName="contact" parentDisplayName="Contact" solution="Dynamics365ElectronicMedicalRecords (2.2.3.0)" />
        <Dependent key="159" type="2" schemaName="parentcustomerid" displayName="Company Name" parentSchemaName="contact" parentDisplayName="Contact" />
      </MissingDependency>
      <MissingDependency>
        <Required key="161" type="2" schemaName="msa_managingpartnerid" displayName="Managing Partner" parentSchemaName="contact" parentDisplayName="Contact" solution="MicrosoftPortalDependencies (9.2.10.0)" />
        <Dependent key="159" type="2" schemaName="parentcustomerid" displayName="Company Name" parentSchemaName="contact" parentDisplayName="Contact" />
      </MissingDependency>
      <MissingDependency>
        <Required key="162" type="2" schemaName="msemr_link1" displayName="Patient Link 1" parentSchemaName="contact" parentDisplayName="Contact" solution="Dynamics365ElectronicMedicalRecords (2.2.3.0)" />
        <Dependent key="159" type="2" schemaName="parentcustomerid" displayName="Company Name" parentSchemaName="contact" parentDisplayName="Contact" />
      </MissingDependency>
      <MissingDependency>
        <Required key="163" type="2" schemaName="msemr_link2" displayName="Patient Link 2" parentSchemaName="contact" parentDisplayName="Contact" solution="Dynamics365ElectronicMedicalRecords (2.2.3.0)" />
        <Dependent key="159" type="2" schemaName="parentcustomerid" displayName="Company Name" parentSchemaName="contact" parentDisplayName="Contact" />
      </MissingDependency>
      <MissingDependency>
        <Required key="164" type="2" schemaName="msemr_contact1" displayName="Emergency Contact Name" parentSchemaName="contact" parentDisplayName="Contact" solution="Dynamics365ElectronicMedicalRecords (2.2.3.0)" />
        <Dependent key="159" type="2" schemaName="parentcustomerid" displayName="Company Name" parentSchemaName="contact" parentDisplayName="Contact" />
      </MissingDependency>
      <MissingDependency>
        <Required key="165" type="2" schemaName="msemr_qualification1issuer" displayName="Qualification Issuer" parentSchemaName="contact" parentDisplayName="Contact" solution="Dynamics365ElectronicMedicalRecords (2.2.3.0)" />
        <Dependent key="159" type="2" schemaName="parentcustomerid" displayName="Company Name" parentSchemaName="contact" parentDisplayName="Contact" />
      </MissingDependency>
      <MissingDependency>
        <Required key="166" type="2" schemaName="msemr_managingorganization" displayName="Managing Organization" parentSchemaName="contact" parentDisplayName="Contact" solution="Dynamics365ElectronicMedicalRecords (2.2.3.0)" />
        <Dependent key="159" type="2" schemaName="parentcustomerid" displayName="Company Name" parentSchemaName="contact" parentDisplayName="Contact" />
      </MissingDependency>
      <MissingDependency>
        <Required key="167" type="2" schemaName="msemr_contact2" displayName="Primary Contact Name" parentSchemaName="contact" parentDisplayName="Contact" solution="Dynamics365ElectronicMedicalRecords (2.2.3.0)" />
        <Dependent key="159" type="2" schemaName="parentcustomerid" displayName="Company Name" parentSchemaName="contact" parentDisplayName="Contact" />
      </MissingDependency>
      <MissingDependency>
        <Required key="168" type="10" schemaName="msemr_contact_contact_Link1" displayName="msemr_contact_contact_Link1" parentSchemaName="contact" parentDisplayName="Contact" solution="Dynamics365ElectronicMedicalRecords (2.2.3.0)" />
        <Dependent key="169" type="2" schemaName="msemr_link1name" parentSchemaName="contact" parentDisplayName="Contact" />
      </MissingDependency>
      <MissingDependency>
        <Required key="170" type="10" schemaName="msemr_contact_contact_GeneralPractioner" displayName="msemr_contact_contact_GeneralPractioner" parentSchemaName="contact" parentDisplayName="Contact" solution="Dynamics365ElectronicMedicalRecords (2.2.3.0)" />
        <Dependent key="171" type="2" schemaName="msemr_generalpractionername" parentSchemaName="contact" parentDisplayName="Contact" />
      </MissingDependency>
      <MissingDependency>
        <Required key="172" type="10" schemaName="msa_contact_managingpartner" displayName="msa_contact_managingpartner" parentSchemaName="contact" parentDisplayName="Contact" solution="MicrosoftPortalDependencies (9.2.10.0)" />
        <Dependent key="173" type="2" schemaName="msa_managingpartneridname" parentSchemaName="contact" parentDisplayName="Contact" />
      </MissingDependency>
      <MissingDependency>
        <Required key="146" type="10" schemaName="msemr_msemr_codeableconcept_contact_Communication1Language" displayName="msemr_msemr_codeableconcept_contact_Communication1Language" parentSchemaName="contact" parentDisplayName="Contact" solution="Dynamics365ElectronicMedicalRecords (2.2.3.0)" />
        <Dependent key="174" type="2" schemaName="msemr_communication1languagename" parentSchemaName="contact" parentDisplayName="Contact" />
      </MissingDependency>
      <MissingDependency>
        <Required key="175" type="10" schemaName="msemr_contact_contact_Link2" displayName="msemr_contact_contact_Link2" parentSchemaName="contact" parentDisplayName="Contact" solution="Dynamics365ElectronicMedicalRecords (2.2.3.0)" />
        <Dependent key="176" type="2" schemaName="msemr_link2yominame" parentSchemaName="contact" parentDisplayName="Contact" />
      </MissingDependency>
      <MissingDependency>
        <Required key="177" type="10" schemaName="msemr_account_contact_ManagingOrganization" displayName="msemr_account_contact_ManagingOrganization" parentSchemaName="contact" parentDisplayName="Contact" solution="Dynamics365ElectronicMedicalRecords (2.2.3.0)" />
        <Dependent key="178" type="2" schemaName="msemr_managingorganizationname" parentSchemaName="contact" parentDisplayName="Contact" />
      </MissingDependency>
      <MissingDependency>
        <Required key="168" type="10" schemaName="msemr_contact_contact_Link1" displayName="msemr_contact_contact_Link1" parentSchemaName="contact" parentDisplayName="Contact" solution="Dynamics365ElectronicMedicalRecords (2.2.3.0)" />
        <Dependent key="179" type="2" schemaName="msemr_link1yominame" parentSchemaName="contact" parentDisplayName="Contact" />
      </MissingDependency>
      <MissingDependency>
        <Required key="180" type="10" schemaName="msemr_contact_contact_Contact1" displayName="msemr_contact_contact_Contact1" parentSchemaName="contact" parentDisplayName="Contact" solution="Dynamics365ElectronicMedicalRecords (2.2.3.0)" />
        <Dependent key="181" type="2" schemaName="msemr_contact1yominame" parentSchemaName="contact" parentDisplayName="Contact" />
      </MissingDependency>
      <MissingDependency>
        <Required key="175" type="10" schemaName="msemr_contact_contact_Link2" displayName="msemr_contact_contact_Link2" parentSchemaName="contact" parentDisplayName="Contact" solution="Dynamics365ElectronicMedicalRecords (2.2.3.0)" />
        <Dependent key="182" type="2" schemaName="msemr_link2name" parentSchemaName="contact" parentDisplayName="Contact" />
      </MissingDependency>
      <MissingDependency>
        <Required key="183" type="10" schemaName="msnfp_contact_reportsTo" displayName="msnfp_contact_reportsTo" parentSchemaName="contact" parentDisplayName="Contact" solution="NonprofitCore (2.3.3.0)" />
        <Dependent key="184" type="2" schemaName="msnfp_reportstoidyominame" parentSchemaName="contact" parentDisplayName="Contact" />
      </MissingDependency>
      <MissingDependency>
        <Required key="145" type="10" schemaName="msemr_msemr_codeableconcept_contact_Contact1Relationship" displayName="msemr_msemr_codeableconcept_contact_Contact1Relationship" parentSchemaName="contact" parentDisplayName="Contact" solution="Dynamics365ElectronicMedicalRecords (2.2.3.0)" />
        <Dependent key="185" type="2" schemaName="msemr_contact1relationshipname" parentSchemaName="contact" parentDisplayName="Contact" />
      </MissingDependency>
      <MissingDependency>
        <Required key="141" type="10" schemaName="msemr_msemr_codeableconcept_contact_Link1Type" displayName="msemr_msemr_codeableconcept_contact_Link1Type" parentSchemaName="contact" parentDisplayName="Contact" solution="Dynamics365ElectronicMedicalRecords (2.2.3.0)" />
        <Dependent key="186" type="2" schemaName="msemr_link1typename" parentSchemaName="contact" parentDisplayName="Contact" />
      </MissingDependency>
      <MissingDependency>
        <Required key="177" type="10" schemaName="msemr_account_contact_ManagingOrganization" displayName="msemr_account_contact_ManagingOrganization" parentSchemaName="contact" parentDisplayName="Contact" solution="Dynamics365ElectronicMedicalRecords (2.2.3.0)" />
        <Dependent key="187" type="2" schemaName="msemr_managingorganizationyominame" parentSchemaName="contact" parentDisplayName="Contact" />
      </MissingDependency>
      <MissingDependency>
        <Required key="144" type="10" schemaName="msemr_msemr_codeableconcept_contact_Contact2Relationship" displayName="msemr_msemr_codeableconcept_contact_Contact2Relationship" parentSchemaName="contact" parentDisplayName="Contact" solution="Dynamics365ElectronicMedicalRecords (2.2.3.0)" />
        <Dependent key="188" type="2" schemaName="msemr_contact2relationshipname" parentSchemaName="contact" parentDisplayName="Contact" />
      </MissingDependency>
      <MissingDependency>
        <Required key="189" type="10" schemaName="msemr_contact_contact_Contact2" displayName="msemr_contact_contact_Contact2" parentSchemaName="contact" parentDisplayName="Contact" solution="Dynamics365ElectronicMedicalRecords (2.2.3.0)" />
        <Dependent key="190" type="2" schemaName="msemr_contact2yominame" parentSchemaName="contact" parentDisplayName="Contact" />
      </MissingDependency>
      <MissingDependency>
        <Required key="137" type="10" schemaName="msemr_msemr_codeableconcept_contact_Link2Type" displayName="msemr_msemr_codeableconcept_contact_Link2Type" parentSchemaName="contact" parentDisplayName="Contact" solution="Dynamics365ElectronicMedicalRecords (2.2.3.0)" />
        <Dependent key="191" type="2" schemaName="msemr_link2typename" parentSchemaName="contact" parentDisplayName="Contact" />
      </MissingDependency>
      <MissingDependency>
        <Required key="180" type="10" schemaName="msemr_contact_contact_Contact1" displayName="msemr_contact_contact_Contact1" parentSchemaName="contact" parentDisplayName="Contact" solution="Dynamics365ElectronicMedicalRecords (2.2.3.0)" />
        <Dependent key="192" type="2" schemaName="msemr_contact1name" parentSchemaName="contact" parentDisplayName="Contact" />
      </MissingDependency>
      <MissingDependency>
        <Required key="170" type="10" schemaName="msemr_contact_contact_GeneralPractioner" displayName="msemr_contact_contact_GeneralPractioner" parentSchemaName="contact" parentDisplayName="Contact" solution="Dynamics365ElectronicMedicalRecords (2.2.3.0)" />
        <Dependent key="193" type="2" schemaName="msemr_generalpractioneryominame" parentSchemaName="contact" parentDisplayName="Contact" />
      </MissingDependency>
      <MissingDependency>
        <Required key="183" type="10" schemaName="msnfp_contact_reportsTo" displayName="msnfp_contact_reportsTo" parentSchemaName="contact" parentDisplayName="Contact" solution="NonprofitCore (2.3.3.0)" />
        <Dependent key="194" type="2" schemaName="msnfp_reportstoidname" parentSchemaName="contact" parentDisplayName="Contact" />
      </MissingDependency>
      <MissingDependency>
        <Required key="132" type="10" schemaName="adx_portallanguage_contact" displayName="adx_portallanguage_contact" parentSchemaName="contact" parentDisplayName="Contact" solution="MicrosoftPortalBase (9.2.2006.10)" />
        <Dependent key="195" type="2" schemaName="adx_preferredlanguageidname" parentSchemaName="contact" parentDisplayName="Contact" />
      </MissingDependency>
      <MissingDependency>
        <Required key="142" type="10" schemaName="msemr_msemr_codeableconcept_contact_AnimalSpecies" displayName="msemr_msemr_codeableconcept_contact_AnimalSpecies" parentSchemaName="contact" parentDisplayName="Contact" solution="Dynamics365ElectronicMedicalRecords (2.2.3.0)" />
        <Dependent key="196" type="2" schemaName="msemr_animalspeciesname" parentSchemaName="contact" parentDisplayName="Contact" />
      </MissingDependency>
      <MissingDependency>
        <Required key="139" type="10" schemaName="msemr_msemr_codeableconcept_contact_Communication2Language" displayName="msemr_msemr_codeableconcept_contact_Communication2Language" parentSchemaName="contact" parentDisplayName="Contact" solution="Dynamics365ElectronicMedicalRecords (2.2.3.0)" />
        <Dependent key="197" type="2" schemaName="msemr_communication2languagename" parentSchemaName="contact" parentDisplayName="Contact" />
      </MissingDependency>
      <MissingDependency>
        <Required key="198" type="10" schemaName="msemr_account_contact_Qualification1Issuer" displayName="msemr_account_contact_Qualification1Issuer" parentSchemaName="contact" parentDisplayName="Contact" solution="Dynamics365ElectronicMedicalRecords (2.2.3.0)" />
        <Dependent key="199" type="2" schemaName="msemr_qualification1issueryominame" parentSchemaName="contact" parentDisplayName="Contact" />
      </MissingDependency>
      <MissingDependency>
        <Required key="172" type="10" schemaName="msa_contact_managingpartner" displayName="msa_contact_managingpartner" parentSchemaName="contact" parentDisplayName="Contact" solution="MicrosoftPortalDependencies (9.2.10.0)" />
        <Dependent key="200" type="2" schemaName="msa_managingpartneridyominame" parentSchemaName="contact" parentDisplayName="Contact" />
      </MissingDependency>
      <MissingDependency>
        <Required key="198" type="10" schemaName="msemr_account_contact_Qualification1Issuer" displayName="msemr_account_contact_Qualification1Issuer" parentSchemaName="contact" parentDisplayName="Contact" solution="Dynamics365ElectronicMedicalRecords (2.2.3.0)" />
        <Dependent key="201" type="2" schemaName="msemr_qualification1issuername" parentSchemaName="contact" parentDisplayName="Contact" />
      </MissingDependency>
      <MissingDependency>
        <Required key="189" type="10" schemaName="msemr_contact_contact_Contact2" displayName="msemr_contact_contact_Contact2" parentSchemaName="contact" parentDisplayName="Contact" solution="Dynamics365ElectronicMedicalRecords (2.2.3.0)" />
        <Dependent key="202" type="2" schemaName="msemr_contact2name" parentSchemaName="contact" parentDisplayName="Contact" />
      </MissingDependency>
      <MissingDependency>
        <Required key="143" type="10" schemaName="msemr_msemr_codeableconcept_contact_AnimalGenderStatus" displayName="msemr_msemr_codeableconcept_contact_AnimalGenderStatus" parentSchemaName="contact" parentDisplayName="Contact" solution="Dynamics365ElectronicMedicalRecords (2.2.3.0)" />
        <Dependent key="203" type="2" schemaName="msemr_animalgenderstatusname" parentSchemaName="contact" parentDisplayName="Contact" />
      </MissingDependency>
      <MissingDependency>
        <Required key="140" type="10" schemaName="msemr_msemr_codeableconcept_contact_AnimalBreed" displayName="msemr_msemr_codeableconcept_contact_AnimalBreed" parentSchemaName="contact" parentDisplayName="Contact" solution="Dynamics365ElectronicMedicalRecords (2.2.3.0)" />
        <Dependent key="204" type="2" schemaName="msemr_animalbreedname" parentSchemaName="contact" parentDisplayName="Contact" />
      </MissingDependency>
    </MissingDependencies>
  </SolutionManifest>
</ImportExportXml>