<ImportExportXml version="9.2.22021.131" SolutionPackageVersion="9.2" languagecode="1033" generatedBy="CrmLive" xmlns:xsi="http://www.w3.org/2001/XMLSchema-instance">
  <SolutionManifest>
    <UniqueName>ITSM2000</UniqueName>
    <LocalizedNames>
      <LocalizedName description="ITSM 2000" languagecode="1033" />
    </LocalizedNames>
    <Descriptions />
    <Version>1.0.0.17</Version>
    <Managed>0</Managed>
    <Publisher>
      <UniqueName>contoso</UniqueName>
      <LocalizedNames>
        <LocalizedName description="Contoso" languagecode="1033" />
      </LocalizedNames>
      <Descriptions />
      <EMailAddress xsi:nil="true"></EMailAddress>
      <SupportingWebsiteUrl xsi:nil="true"></SupportingWebsiteUrl>
      <CustomizationPrefix>contoso</CustomizationPrefix>
      <CustomizationOptionValuePrefix>46327</CustomizationOptionValuePrefix>
      <Addresses>
        <Address>
          <AddressNumber>1</AddressNumber>
          <AddressTypeCode>1</AddressTypeCode>
          <City xsi:nil="true"></City>
          <County xsi:nil="true"></County>
          <Country xsi:nil="true"></Country>
          <Fax xsi:nil="true"></Fax>
          <FreightTermsCode xsi:nil="true"></FreightTermsCode>
          <ImportSequenceNumber xsi:nil="true"></ImportSequenceNumber>
          <Latitude xsi:nil="true"></Latitude>
          <Line1 xsi:nil="true"></Line1>
          <Line2 xsi:nil="true"></Line2>
          <Line3 xsi:nil="true"></Line3>
          <Longitude xsi:nil="true"></Longitude>
          <Name xsi:nil="true"></Name>
          <PostalCode xsi:nil="true"></PostalCode>
          <PostOfficeBox xsi:nil="true"></PostOfficeBox>
          <PrimaryContactName xsi:nil="true"></PrimaryContactName>
          <ShippingMethodCode>1</ShippingMethodCode>
          <StateOrProvince xsi:nil="true"></StateOrProvince>
          <Telephone1 xsi:nil="true"></Telephone1>
          <Telephone2 xsi:nil="true"></Telephone2>
          <Telephone3 xsi:nil="true"></Telephone3>
          <TimeZoneRuleVersionNumber xsi:nil="true"></TimeZoneRuleVersionNumber>
          <UPSZone xsi:nil="true"></UPSZone>
          <UTCOffset xsi:nil="true"></UTCOffset>
          <UTCConversionTimeZoneCode xsi:nil="true"></UTCConversionTimeZoneCode>
        </Address>
        <Address>
          <AddressNumber>2</AddressNumber>
          <AddressTypeCode>1</AddressTypeCode>
          <City xsi:nil="true"></City>
          <County xsi:nil="true"></County>
          <Country xsi:nil="true"></Country>
          <Fax xsi:nil="true"></Fax>
          <FreightTermsCode xsi:nil="true"></FreightTermsCode>
          <ImportSequenceNumber xsi:nil="true"></ImportSequenceNumber>
          <Latitude xsi:nil="true"></Latitude>
          <Line1 xsi:nil="true"></Line1>
          <Line2 xsi:nil="true"></Line2>
          <Line3 xsi:nil="true"></Line3>
          <Longitude xsi:nil="true"></Longitude>
          <Name xsi:nil="true"></Name>
          <PostalCode xsi:nil="true"></PostalCode>
          <PostOfficeBox xsi:nil="true"></PostOfficeBox>
          <PrimaryContactName xsi:nil="true"></PrimaryContactName>
          <ShippingMethodCode>1</ShippingMethodCode>
          <StateOrProvince xsi:nil="true"></StateOrProvince>
          <Telephone1 xsi:nil="true"></Telephone1>
          <Telephone2 xsi:nil="true"></Telephone2>
          <Telephone3 xsi:nil="true"></Telephone3>
          <TimeZoneRuleVersionNumber xsi:nil="true"></TimeZoneRuleVersionNumber>
          <UPSZone xsi:nil="true"></UPSZone>
          <UTCOffset xsi:nil="true"></UTCOffset>
          <UTCConversionTimeZoneCode xsi:nil="true"></UTCConversionTimeZoneCode>
        </Address>
      </Addresses>
    </Publisher>
    <RootComponents>
      <RootComponent type="1" schemaName="contoso_catalogitem" behavior="0" />
      <RootComponent type="1" schemaName="contoso_change" behavior="0" />
      <RootComponent type="1" schemaName="contoso_outage" behavior="0" />
      <RootComponent type="1" schemaName="contoso_requestfield" behavior="0" />
      <RootComponent type="1" schemaName="contoso_servicecategory" behavior="0" />
      <RootComponent type="1" schemaName="contoso_supportteam" behavior="0" />
      <RootComponent type="1" schemaName="incident" behavior="2" />
      <RootComponent type="1" schemaName="new_outageprocessflow" behavior="0" />
      <RootComponent type="9" schemaName="contoso_businessdivision" behavior="0" />
      <RootComponent type="9" schemaName="contoso_defaultpriority" behavior="0" />
      <RootComponent type="9" schemaName="contoso_itemtype" behavior="0" />
      <RootComponent type="9" schemaName="contoso_location" behavior="0" />
      <RootComponent type="9" schemaName="contoso_outagestatus" behavior="0" />
      <RootComponent type="9" schemaName="contoso_serviceclass" behavior="0" />
      <RootComponent type="9" schemaName="contoso_status" behavior="0" />
      <RootComponent type="9" schemaName="contoso_type" behavior="0" />
      <RootComponent type="29" id="{020ea871-f9f2-48e9-b525-88d148ac1e52}" behavior="0" />
      <RootComponent type="29" id="{9691cae5-0399-eb11-b1ac-000d3a3b8756}" behavior="0" />
      <RootComponent type="61" schemaName="contoso_bellicon" behavior="0" />
      <RootComponent type="61" schemaName="contoso_box" behavior="0" />
      <RootComponent type="61" schemaName="contoso_categoryicon" behavior="0" />
      <RootComponent type="61" schemaName="contoso_pencil" behavior="0" />
      <RootComponent type="61" schemaName="contoso_shapes" behavior="0" />
      <RootComponent type="62" schemaName="contoso_ITSM" behavior="0" />
      <RootComponent type="80" schemaName="contoso_ITSM" behavior="0" />
      <RootComponent type="300" schemaName="contoso_itsmuserportal_67526" behavior="0" />
      <RootComponent type="431" schemaName="contoso_catalogitem contoso_itemimage" behavior="0" />
      <RootComponent type="432" schemaName="contoso_catalogitem" behavior="0" />
    </RootComponents>
    <MissingDependencies>
      <MissingDependency>
        <Required type="1" schemaName="entitlement" displayName="Entitlement" solution="msdynce_Service (9.0.5.56)">
          <package>msdynce_ServiceAnchor (9.0.22015.1006)</package>
        </Required>
        <Dependent type="80" schemaName="contoso_ITSM" displayName="ITSM" />
      </MissingDependency>
      <MissingDependency>
        <Required type="1" schemaName="incident" displayName="Case" solution="msdynce_Service (9.0.5.56)">
          <package>msdynce_ServiceAnchor (9.0.22015.1006)</package>
        </Required>
        <Dependent type="1" schemaName="incident" displayName="Case" />
      </MissingDependency>
      <MissingDependency>
        <Required type="1" schemaName="msdyn_knowledgesearchinsight" displayName="Knowledge Search Insight" solution="msdynce_KnowledgeManagementOnlineFeatures (9.0.22021.5017)">
          <package>msdynce_KnowledgeManagementAnchor (9.0.22021.5017)</package>
        </Required>
        <Dependent type="62" schemaName="contoso_ITSM" />
      </MissingDependency>
      <MissingDependency>
        <Required type="1" schemaName="msdyn_knowledgesearchinsight" displayName="Knowledge Search Insight" solution="msdynce_KnowledgeManagementOnlineFeatures (9.0.22021.5017)">
          <package>msdynce_KnowledgeManagementAnchor (9.0.22021.5017)</package>
        </Required>
        <Dependent type="80" schemaName="contoso_ITSM" displayName="ITSM" />
      </MissingDependency>
      <MissingDependency>
        <Required type="1" schemaName="product" displayName="Product" solution="msdynce_ProductManagement (9.0.4.0066)">
          <package>msdynce_ProductManagementAnchor (9.0.22015.10001)</package>
        </Required>
        <Dependent type="300" schemaName="contoso_itsmuserportal_67526" displayName="ITSM User Portal" />
      </MissingDependency>
      <MissingDependency>
        <Required type="2" schemaName="incidentid" displayName="Case" parentSchemaName="incident" parentDisplayName="Case" solution="msdynce_Service (9.0.5.56)">
          <package>msdynce_ServiceAnchor (9.0.22015.1006)</package>
        </Required>
        <Dependent type="2" schemaName="incidentid" displayName="Case" parentSchemaName="incident" parentDisplayName="Case" />
      </MissingDependency>
      <MissingDependency>
        <Required type="60" displayName="Customer Service Representative Social Dashboard" solution="msdynce_Service (9.0.5.56)" id="{063e7659-05d9-4030-960d-10fe269a5a8b}">
          <package>msdynce_ServiceAnchor (9.0.22015.1006)</package>
        </Required>
        <Dependent type="80" schemaName="contoso_ITSM" displayName="ITSM" />
      </MissingDependency>
      <MissingDependency>
        <Required type="60" displayName="Customer Service Representative Social Dashboard (original version)" solution="msdynce_Service (9.0.5.56)" id="{15e19ce1-819e-4789-a5aa-ea4fe1741568}">
          <package>msdynce_ServiceAnchor (9.0.22015.1006)</package>
        </Required>
        <Dependent type="80" schemaName="contoso_ITSM" displayName="ITSM" />
      </MissingDependency>
      <MissingDependency>
        <Required type="60" displayName="Customer Service Performance Dashboard (original version)" solution="msdynce_Service (9.0.5.56)" id="{2e3d0841-fa6d-df11-986c-00155d2e3002}">
          <package>msdynce_ServiceAnchor (9.0.22015.1006)</package>
        </Required>
        <Dependent type="80" schemaName="contoso_ITSM" displayName="ITSM" />
      </MissingDependency>
      <MissingDependency>
        <Required type="60" displayName="Customer Service Agent Dashboard" solution="msdynce_ServicePatch201911 (9.0.22015.1006)" id="{338ea94a-8f9f-ea11-a812-000d3a31a607}">
          <package>msdynce_ServiceAnchor (9.0.22015.1006)</package>
        </Required>
        <Dependent type="80" schemaName="contoso_ITSM" displayName="ITSM" />
      </MissingDependency>
      <MissingDependency>
        <Required type="60" displayName="Customer Service Operations Dashboard" solution="msdynce_Service (9.0.5.56)" id="{4e76815a-1f63-df11-ae90-00155d2e3002}">
          <package>msdynce_ServiceAnchor (9.0.22015.1006)</package>
        </Required>
        <Dependent type="80" schemaName="contoso_ITSM" displayName="ITSM" />
      </MissingDependency>
      <MissingDependency>
        <Required type="60" displayName="Customer Service Manager Dashboard" solution="msdynce_Service (9.0.5.56)" id="{65e050d3-8b71-4b53-acb5-bb9af83bf384}">
          <package>msdynce_ServiceAnchor (9.0.22015.1006)</package>
        </Required>
        <Dependent type="80" schemaName="contoso_ITSM" displayName="ITSM" />
      </MissingDependency>
      <MissingDependency>
        <Required type="60" displayName="Customer Service Representative Dashboard" solution="msdynce_Service (9.0.5.56)" id="{6e00802f-8c73-df11-986c-00155d2e3002}">
          <package>msdynce_ServiceAnchor (9.0.22015.1006)</package>
        </Required>
        <Dependent type="80" schemaName="contoso_ITSM" displayName="ITSM" />
      </MissingDependency>
      <MissingDependency>
        <Required type="60" displayName="Customer Service Performance Dashboard" solution="msdynce_Service (9.0.5.56)" id="{acb40ffe-a1e0-47d0-a472-799911009df6}">
          <package>msdynce_ServiceAnchor (9.0.22015.1006)</package>
        </Required>
        <Dependent type="80" schemaName="contoso_ITSM" displayName="ITSM" />
      </MissingDependency>
      <MissingDependency>
        <Required type="60" displayName="Tier 2 Dashboard" solution="msdynce_Service (9.0.5.56)" id="{acddedde-9140-4130-a1c1-96a5c6867a9f}">
          <package>msdynce_ServiceAnchor (9.0.22015.1006)</package>
        </Required>
        <Dependent type="80" schemaName="contoso_ITSM" displayName="ITSM" />
      </MissingDependency>
      <MissingDependency>
        <Required type="60" displayName="Tier 1 Dashboard" solution="msdynce_Service (9.0.5.56)" id="{d201a642-6283-4f1d-81b7-da4b1685e698}">
          <package>msdynce_ServiceAnchor (9.0.22015.1006)</package>
        </Required>
        <Dependent type="80" schemaName="contoso_ITSM" displayName="ITSM" />
      </MissingDependency>
      <MissingDependency>
        <Required type="61" schemaName="msdyn_/Images/AppModule_Default_Icon.png" displayName="msdyn_/Images/AppModule_Default_Icon.png" solution="AppModuleWebResources (2.5)" />
        <Dependent type="80" schemaName="contoso_ITSM" displayName="ITSM" />
      </MissingDependency>
    </MissingDependencies>
  </SolutionManifest>
</ImportExportXml>